"","day5_P","day8_P"
"subset1",0.180728768434748,0.157675922917814
"subset2",0.176292240954408,0.153060375482361
"subset3",0.173147445122587,0.150093967580674
