"","day5_P","day8_P"
"subset1",2.41126738115911,2.72798286614065
"subset2",2.41253390600426,2.75525750486465
"subset3",2.84920877251609,3.13806856547712
