"","day5_P","day8_P"
"subset1",1.29514673490676,1.51016326870653
"subset2",1.32055261866216,1.53325662393359
"subset3",1.46822595331747,1.57092873938015
