"","day5_P","day8_P"
"subset1",0.179022357645205,0.158012097559843
"subset2",0.174107431305506,0.153112486551138
"subset3",0.171906782176528,0.150757702225452
