"","day5_P","day8_P"
"subset1",1.29210443498421,1.51617852188499
"subset2",1.31777514623931,1.54079602352039
"subset3",1.47011251693921,1.56944742355365
