"","intercept","sf94_day5_P","sf94_day0","age_estimateyears","sex","rho"
"1",-4.88660568387685,-0.865028832087803,0.0166897669830961,0.0681075925580659,-0.0678672954789285,0.5
"2",-4.11313411196438,-1.03803459850536,0.0166897669830961,0.0681075925580659,-0.0678672954789285,0.6
"3",-3.33966254005191,-1.21104036492292,0.0166897669830961,0.0681075925580659,-0.0678672954789285,0.7
"4",-2.56619096813944,-1.38404613134048,0.0166897669830961,0.0681075925580659,-0.0678672954789285,0.8
"5",-1.79271939622697,-1.55705189775805,0.0166897669830961,0.0681075925580659,-0.0678672954789285,0.9
