"","day5_P","day8_P"
"subset1",2.39477087598905,2.74058614796075
"subset2",2.38975066615562,2.77299453924565
"subset3",2.83730123148317,3.15269532957698
