"","day5_P","day8_P"
"subset1",0.329113361376928,0.289935335536935
"subset2",0.439713909678415,0.418070257442314
"subset3",0.565518382678391,0.47922644079987
