"","day5_P","day8_P"
"subset1",0.310506596202523,0.275707503196409
"subset2",0.425021384025029,0.39952986599131
"subset3",0.556149950575945,0.467913872760908
