"","rho","rho_prot","effect_size","sample_size"
"1",0.5,1.24202638481009,0.208409004907762,-422
"2",0.6,0.862518322784785,0.185582980123308,252
"3",0.7,0.633686931025556,0.176337799600999,650
"4",0.8,0.485166556566441,0.179022357645205,806
"5",0.9,0.383341476793238,0.19335582877112,770
