"","sustained_1L_improvement","sustained_2L_improvement"
"subset1",5420.99075458855,2832.77194085583
"subset2",5291.06715626883,2791.93020071655
"subset3",4884.75565979253,2225.3315716105
