"","p1","p2","mortality_multiplier","hazard_ratio","sample_size"
"subset1",0.162506118453255,0.138130200685267,0.85,0.838649262452179,6745.51279392741
"subset2",0.164568509396096,0.139883232986681,0.85,0.838485042844918,6646.17563017793
"subset3",0.111064986819984,0.0944052387969862,0.85,0.842565645592962,10413.9446700472
