"","sustained_1L_improvement","sustained_2L_improvement"
"subset1",0.0266472351917647,0.0283870081380196
"subset2",0.026988268049877,0.0287350706930203
"subset3",0.0259707968339147,0.0277642997368039
