"","sustained_1L_improvement","sustained_2L_improvement"
"subset1",0.417882199379997,0.162506118453255
"subset2",0.419850392264185,0.164568509396096
"subset3",0.286846966520683,0.111064986819984
