"","day5_P","day8_P"
"subset1",2960.55203553192,2336.26479969436
"subset2",2869.49636422792,2247.12665100502
"subset3",2429.03948314811,1875.23832419035
