"","day5_P","day8_P"
"subset1",0.833198349146643,0.815225094182326
"subset2",0.83095682267784,0.811868491056918
"subset3",0.817786786937265,0.794736424322324
