"","day5_P","day8_P"
"subset1",0.833664780430709,0.814379858963265
"subset2",0.831574127898898,0.810641853497208
"subset3",0.818165737243089,0.793842424290763
