"","day5_P","day8_P"
"subset1",2979.31413870235,2313.19235483463
"subset2",2893.24679576384,2215.81422486719
"subset3",2440.72529583753,1857.91816263004
