"","cor_subset1","cor_subset2","cor_subset3"
"1",0.414156212121793,0.475499761371384,0.467201929357251
"2",0.353725703412966,0.415874188163953,0.379712525868207
