"","Day 5 P","Day 8 P"
"subset1",2.39046100427157,2.7224879691406
"subset2",2.38493963327885,2.74884295953245
"subset3",2.83115692057471,3.14430000479906
