"","Day 5 P","Day 8 P"
"subset1",0.180252630442927,0.159582019663249
"subset2",0.176531932282977,0.160601227691418
"subset3",0.172954868250708,0.159582019663249
