"","day5_P","day8_P"
"subset1",0.180252630442927,0.159582019663249
"subset2",0.176531932282977,0.154873930398317
"subset3",0.172954868250708,0.151246340259248
