"","day5_P","day8_P"
"subset1",1.28659669908159,1.51288705994442
"subset2",1.3102672906387,1.53783162851263
"subset3",1.46602420657441,1.57100092294887
