"","day5_P","day8_P"
"subset1",0.314058609008987,0.273755510153324
"subset2",0.417647037989528,0.393220355783408
"subset3",0.559036678868667,0.473220802255712
