"","sustained_1L_improvement","sustained_2L_improvement"
"subset1",3437.51335892842,1960.65703841304
"subset2",3330.72906979884,1916.7326923414
"subset3",3090.83425995303,1536.97808130228
