"","sustained_1L_improvement","sustained_2L_improvement"
"subset1",0.447238855622089,0.180439121756487
"subset2",0.449244060475162,0.182542637968273
"subset3",0.308104104951333,0.123804485823106
