"","Condition","#Patients","#NotNA","#Satisfying condition","#Obese","mean CRP","sd CRP"
"1","CRP>75",102653,67944,35404,4439,168.491264332543,83.1296349276237
"2","(sao2 <= 0.92 & fio2 == 0.21) OR receiving Oxygen therapy)",102653,19470,12022,1383,122.49399514811,94.2267106874904
"3","CRP > 75 & (  (sao2 <= 0.92 & fio2 == 0.21)   OR receiving Oxygen therapy)",102653,43606,4786,576,174.011610556941,85.4760857523748
"4","CRP > 75 & NIV",102653,44319,3787,732,188.304228660924,90.2231610013159
"5","CRP > 75 & IMV",102653,44742,1751,361,205.164612775579,99.5018195585003
