"","Condition","#Patients","#NotNA","#Satisfying condition","#Obese","mean CRP","sd CRP"
"1","CRP>75",177105,90453,50701,5325,174.873101865696,88.0646907952267
"2","(sao2 <= 0.92 & fio2 == 0.21) OR receiving Oxygen therapy)",177105,35660,21894,1683,120.646691148048,93.8344929099358
"3","CRP > 75 & (  (sao2 <= 0.92 & fio2 == 0.21)   OR receiving Oxygen therapy)",177105,69093,7677,677,173.888551466667,84.5334138314125
"4","CRP > 75 & NIV",177105,70265,7333,827,187.68727997515,88.4956088109345
"5","CRP > 75 & IMV",177105,70990,4702,441,227.514495562583,107.12801488008
