"","day5_P","day8_P"
"subset1",2990.20487810065,2337.74417765102
"subset2",2906.87114907543,2246.5092575506
"subset3",2453.45060823022,1865.50987289254
