"","day5_P","day8_P"
"subset1",0.833921263999259,0.815276707758834
"subset2",0.831916226908561,0.811836915715236
"subset3",0.818607409622806,0.794244476894943
