"","day5","day8"
"subset1",1.28659669908159,1.50992074273491
"subset2",1.3102672906387,1.53272212917891
"subset3",1.46602420657441,1.56988634704159
