"","day5","day8"
"subset1",1.00830765042964,1.02030334276174
"subset2",0.998590885481689,1.00707953088396
"subset3",1.08705100867394,1.08891650435432
