"","day5","day8"
"subset1",0.318456699808278,0.232945444773024
"subset2",0.372934115825451,0.29698717103672
"subset3",0.380710526348989,0.289348929186685
