"","day5","day8"
"subset1",2.17383333812891,2.19632512702173
"subset2",2.13681739870061,2.1721973293702
"subset3",2.29073970268261,2.30249774701346
