"","day5","day8"
"subset1",2.39046100427157,2.72702732352801
"subset2",2.38493963327885,2.76180459042313
"subset3",2.83115692057471,3.14151034376047
