"","rho","rho_prot","effect_size","sample_size"
"1",0.5,1.31176279645766,0.247355669174302,-580
"2",0.6,0.91094638642893,0.215020783236921,180
"3",0.7,0.669266732886561,0.195528092463527,710
"4",0.8,0.512407342366273,0.185384524022701,1054
"5",0.9,0.40486506063508,0.18294265927884,1228
