"","day5_P","day8_P"
"subset1",1.28659669908159,1.50992074273491
"subset4",1.28813343758196,1.51484919721626
