"","intercept","sf94_day5_P","sf94_day0","age_estimateyears","sex","rho"
"1",-5.0638559919065,-0.727791209690571,0.000486032382658139,0.0678814386394558,-0.0912845198556328,0.5
"2",-4.48538828516273,-0.873349451628686,0.000486032382658139,0.0678814386394558,-0.0912845198556328,0.6
"3",-3.90692057841897,-1.0189076935668,0.000486032382658139,0.0678814386394558,-0.0912845198556328,0.7
"4",-3.3284528716752,-1.16446593550491,0.000486032382658139,0.0678814386394558,-0.0912845198556328,0.8
"5",-2.74998516493143,-1.31002417744303,0.000486032382658139,0.0678814386394558,-0.0912845198556328,0.9
