"","day5_P","day8_P"
"subset1",1.00830765042964,1.02030334276174
"subset4",1.01324368526271,1.02619541817856
