"","day5_P","day8_P"
"subset1",2.39046100427157,2.72702732352801
"subset4",2.39607032342986,2.73232174166166
