"","day5_P","day8_P"
"subset1",0.180252630442927,0.157580983951289
"subset4",0.185389823927512,0.163678222711659
