"","rho","rho_prot","effect_size","sample_size"
"1",0.5,1.31176279645766,0.317671394259906,-352
"2",0.6,0.91094638642893,0.273638871856501,112
"3",0.7,0.669266732886561,0.24487967264025,452
"4",0.8,0.512407342366273,0.226432027157691,706
"5",0.9,0.40486506063508,0.215694686435841,884
