"","day5_P","day8_P"
"subset1",2.17383333812891,2.19632512702173
"subset4",2.18857159212018,2.21020183959951
