"","day5_P","day8_P"
"subset1",0.314058609008987,0.263088142681613
"subset4",0.327940699114415,0.267838622465994
