"","day5_P","day8_P"
"subset1",0.318456699808278,0.232945444773024
"subset4",0.314342370356649,0.223209177618289
