"","sustained_1L_improvement","sustained_2L_improvement"
"subset1",0.447238855622089,0.180439121756487
"subset4",0.45102682831996,0.179562405005125
