"","sustained_1L_improvement","sustained_2L_improvement"
"subset1",0.0336952729497152,0.0356640753610372
"subset4",0.0344332816880175,0.0362834966914646
