"","day5_P","day8_P"
"subset1",2990.20487810065,2335.05056569943
"subset4",2989.15427320348,2321.53245321828
