"","day5_P","day8_P"
"subset1",0.841491825871892,0.838252440915669
"subset4",0.840963236934881,0.83752196491684
