"","day5_P","day8_P"
"subset1",3331.03132470404,3222.20507897109
"subset4",3310.86827349192,3191.74910457974
