"","day5_P","day8_P"
"subset1",3516.14563783169,3418.51803249132
"subset4",3507.30377791488,3405.16626582675
