"","day5_P","day8_P"
"subset1",0.844886476121273,0.844058170123663
"subset4",0.844572409163839,0.843667260630717
