"","day5_P","day8_P"
"subset1",0.833921263999259,0.815194350164292
"subset4",0.833781529816071,0.814617451632646
