"","p1","p2","mortality_multiplier","hazard_ratio","sample_size"
"subset1",0.185480035930042,0.157658030540536,0.85,0.836786349722549,5763.40548524526
"subset2",0.184899176799335,0.157164300279435,0.85,0.836834377854591,5785.23744925757
"subset3",0.134776792349998,0.114560273497498,0.85,0.840802142184315,8375.6415496521
