"","day5_P","day8_P"
"subset1",0.177306091953018,0.155016740537993
"subset2",0.17279483597445,0.149737458240488
"subset3",0.17058837505028,0.146101365298983
