"","day5_P","day8_P"
"subset1",0.308030001047718,0.270039271688236
"subset2",0.417678462102474,0.3975928190954
"subset3",0.558237819023368,0.478440103714748
