"","day5_P","day8_P"
"subset1",1.31524205872382,1.51179928890114
"subset2",1.34448092322945,1.53556988151396
"subset3",1.4771444514472,1.5595656998
