"","day5_P","day8_P"
"subset1",2.43441847726678,2.77577939367769
"subset2",2.43868149701045,2.81158538745407
"subset3",2.89272624726663,3.22075086146647
