"","day5_P","day8_P"
"subset1",0.177747317238571,0.154673046459343
"subset2",0.17296434495893,0.149633896848221
"subset3",0.17120364508451,0.145476968585934
