"","rho","rho_prot","effect_size","sample_size"
"1",0.5,1.23212000419087,0.204488676916337,-432
"2",0.6,0.855638891799216,0.181654191478424,282
"3",0.7,0.628632655199424,0.172941036803641,704
"4",0.8,0.481296876637059,0.177306091953018,850
"5",0.9,0.380283951910763,0.195146269864028,782
