"","day5_P","day8_P"
"subset1",1.31478381765753,1.50907981230058
"subset2",1.34220785887304,1.53354548521932
"subset3",1.48054951077651,1.55896165791142
