"","intercept","sf94_day5_P","sf94_day0","age_estimateyears","sex","rho"
"1",-5.21264044911613,-0.866381296700769,0.020275989265178,0.0703169449685164,-0.107196122930692,0.5
"2",-4.38342157596663,-1.03965755604092,0.020275989265178,0.0703169449685164,-0.107196122930692,0.6
"3",-3.55420270281712,-1.21293381538108,0.020275989265178,0.0703169449685164,-0.107196122930692,0.7
"4",-2.72498382966762,-1.38621007472123,0.020275989265178,0.0703169449685164,-0.107196122930692,0.8
"5",-1.89576495651811,-1.55948633406138,0.020275989265178,0.0703169449685164,-0.107196122930692,0.9
