"","day5_P","day8_P"
"subset1",0.318734167090768,0.274288884955285
"subset2",0.430277296806127,0.400042913415383
"subset3",0.558314316162982,0.481118826489133
