"","day5_P","day8_P"
"subset1",2.45373612537057,2.77034338170339
"subset2",2.45768766690812,2.80396884105626
"subset3",2.90715459642577,3.20846318074117
