"","sustained_1L_improvement","sustained_2L_improvement"
"subset1",0.422506988595602,0.164188704450437
"subset2",0.425566785031412,0.165801693526359
"subset3",0.289733551015232,0.112571129673953
