"","sustained_1L_improvement","sustained_2L_improvement"
"subset1",5458.80811062059,3134.11160773288
"subset2",5348.58200465723,3091.13920410711
"subset3",4812.29575496579,2441.09689935577
