"","sustained_1L_improvement","sustained_2L_improvement"
"subset1",0.0265878537119791,0.0270490137467895
"subset2",0.0268822852115799,0.0273414914988673
"subset3",0.0262402444215456,0.0265929836301599
