"","day5_P","day8_P"
"subset1",0.832706988075516,0.814519713068913
"subset2",0.830496764185795,0.810900531698207
"subset3",0.816284111331511,0.791084177668341
