"","day5_P","day8_P"
"subset1",2941.27823870553,2322.19965037641
"subset2",2854.3972378514,2228.79375495749
"subset3",2392.29334426158,1811.37602389638
