"","day5_P","day8_P"
"subset1",0.832264652171245,0.814488388615136
"subset2",0.82997518298144,0.810990788541937
"subset3",0.815833609761109,0.791907707149377
