"","day5_P","day8_P"
"subset1",2923.54315852018,2321.79080688339
"subset2",2834.28020024491,2231.51929714311
"subset3",2378.59961355314,1826.59102464685
