"","p1","p2","mortality_multiplier","hazard_ratio","sample_size"
"subset1",0.207770652583931,0.176605054696341,0.85,0.834905293479567,5017.53744934131
"subset2",0.207418146010558,0.176305424108975,0.85,0.834935629378541,5028.08950953313
"subset3",0.155634573304158,0.132289387308534,0.85,0.839192241546091,7095.44091626996
