"","day5_P","day8_P"
"subset1",0.180252630442927,0.157580983951289
"subset2",0.176531932282977,0.152506399023688
"subset3",0.172954868250708,0.150305499180541
