"","rho","rho_prot","effect_size","sample_size"
"1",0.5,1.25623443603595,0.28729691736695,-344
"2",0.6,0.872385025024963,0.286919469193817,142
"3",0.7,0.640935936753034,0.319805487359109,284
"4",0.8,0.490716576576542,0.387212289271485,250
"5",0.9,0.387726677788872,0.487262800454361,178
