"","day5_P","day8_P"
"subset1",0.314058609008987,0.263088142681613
"subset2",0.417647037989528,0.387560982403347
"subset3",0.559036678868667,0.463054834978873
