"","rho","rho_prot","effect_size","sample_size"
"1",0.5,1.25623443603595,0.24286165040179,-482
"2",0.6,0.872385025024963,0.20952037721647,268
"3",0.7,0.640935936753034,0.189216631767071,808
"4",0.8,0.490716576576542,0.17869213074083,1168
"5",0.9,0.387726677788872,0.176674914989312,1336
