"","intercept","sf94_day5_P","sf94_day0","age_estimateyears","sex","rho"
"1",-5.64549242063121,-0.71551028889,0.02287166769732,0.0690582374402514,-0.0882463809177544,0.5
"2",-5.00248727341275,-0.858612346668,0.02287166769732,0.0690582374402514,-0.0882463809177544,0.6
"3",-4.3594821261943,-1.001714404446,0.02287166769732,0.0690582374402514,-0.0882463809177544,0.7
"4",-3.71647697897584,-1.144816462224,0.02287166769732,0.0690582374402514,-0.0882463809177544,0.8
"5",-3.07347183175738,-1.287918520002,0.02287166769732,0.0690582374402514,-0.0882463809177544,0.9
