"","sustained_1L_improvement","sustained_2L_improvement"
"subset1",0.0336952729497152,0.0356640753610372
"subset2",0.0342418677798996,0.036232626578913
"subset3",0.0333670710458673,0.0352001421484662
