"","day5_P","day8_P"
"subset1",3331.03132470404,3222.20507897109
"subset2",3291.95579402333,3227.11016102375
"subset3",3503.99167170489,3526.96165039886
