"","day5_P","day8_P"
"subset1",0.841491825871892,0.838252440915669
"subset2",0.840673205266456,0.837911594564102
"subset3",0.842819118501418,0.839712629768518
