"","day5_P","day8_P"
"subset1",3516.14563783169,3418.51803249132
"subset2",3485.78352810753,3414.72551810739
"subset3",3527.17452452269,3431.42781730917
