"","day5_P","day8_P"
"subset1",0.833921263999259,0.815194350164292
"subset2",0.831916226908561,0.811524760420681
"subset3",0.818607409622806,0.794509769862629
