"","day5_P","day8_P"
"subset1",2990.20487810065,2335.05056569943
"subset2",2906.87114907543,2237.61119876034
"subset3",2453.45060823022,1870.41567417208
