"","day5_P","day8_P"
"subset1",0.844886476121273,0.844058170123663
"subset2",0.844378948521398,0.844004885185106
"subset3",0.845089651937399,0.843706606370703
