"","cor_subset1","cor_subset2","cor_subset3"
"1",0.294008015423532,0.353618601825105,0.436619232172999
"2",0.254061928606205,0.33869391612121,0.36682234228762
