"","cor_subset1","cor_subset2","cor_subset3"
"1",0.394939542711791,0.476766019207222,0.547251254000238
"2",0.331210442844172,0.421560413545526,0.430311607219451
