"","cor_subset1","cor_subset2","cor_subset3"
"1",0.40335628077519,0.481723401857098,0.557552001922084
"2",0.335455492175195,0.426865843195172,0.442574813136008
