"","d8_cohort_sumD5","d8_cohort_sumD8","d8_cohort_sumD10","d8_cohort_sumD11","d8_cohort_sumD12","d8_cohort_sumD13","d8_cohort_sumD14","d8_cohort_sumD15","d8_cohort_sumD16"
"% dead d8",0.0619184903682348,0.104835539247805,0.146900799370987,0.166098807495741,0.18300353819945,0.197090813785873,0.210588389464028,0.221923732145197,0.23116236404141
"% alive d8",0.160857030533351,0.326169571484733,0.374590486174813,0.394640283055956,0.414296946664919,0.433167343729524,0.448892674616695,0.465338749836194,0.481719302843664
