"","d8_cohort_sumD5","d8_cohort_sumD8","d8_cohort_sumD10","d8_cohort_sumD11","d8_cohort_sumD12","d8_cohort_sumD13","d8_cohort_sumD14","d8_cohort_sumD15","d8_cohort_sumD16"
"% dead d8",0.0412762424386194,0.0704542758866089,0.114517850788756,0.136757205550943,0.155616178389278,0.171035464357727,0.186573360218242,0.199205313723165,0.210473253469339
"% alive d8",0.098505515359981,0.18200687937374,0.274403985292373,0.310283477642035,0.344027991934527,0.372968805598387,0.397105918633614,0.424089669078401,0.448997746412051
