"","d5_cohort_sumD5","d5_cohort_sumD8","d5_cohort_sumD10","d5_cohort_sumD11","d5_cohort_sumD12","d5_cohort_sumD13","d5_cohort_sumD14","d5_cohort_sumD15","d5_cohort_sumD16"
"% dead d5",0.0268866156070912,0.112206095013658,0.159927159766483,0.180333136950351,0.196025922553693,0.209254994376306,0.222002035241819,0.233088747255101,0.24230089443522
"% alive d5",0.0703765197364897,0.204702479781479,0.288361630335815,0.322157356327995,0.352739542606181,0.380215307160838,0.403513470087301,0.429382464784961,0.451609447806759
