"","d5_cohort_sumD5","d5_cohort_sumD8","d5_cohort_sumD10","d5_cohort_sumD11","d5_cohort_sumD12","d5_cohort_sumD13","d5_cohort_sumD14","d5_cohort_sumD15","d5_cohort_sumD16"
"% dead d5",0.0651868654136963,0.138042773817239,0.18049254698639,0.197936919421041,0.211600777705768,0.22299632750054,0.233743789155325,0.243357096565133,0.250756102829985
"% alive d5",0.202365521710953,0.296770360769065,0.357528623892849,0.381561892417369,0.403974940591921,0.424605746381508,0.44248217757615,0.461384748325772,0.478613091380428
