"","susimp_1L_effectsize","susimp_2L_effectsize"
"upper",0.0262850615914258,0.015957832397875
"mean",0.0261598733960229,0.0159139470135128
"lower",0.0260346852006201,0.0158700616291505
