"","susimp_HR_1_1L","susimp_HR_2_1L","susimp_HR_3_1L","susimp_HR_1_2L","susimp_HR_2_2L","susimp_HR_3_2L"
"susimp_1L_effectsize",1.0809232861495,1.0826901034573,1.08633980622129,1.10305484976918,1.10322091400699,1.11631434057083
