"","susimp_HR_1_1L","susimp_HR_2_1L","susimp_HR_3_1L","susimp_HR_1_2L","susimp_HR_2_2L","susimp_HR_3_2L"
"1",1.08720341482424,1.08841593721099,1.08994897669374,1.19588378743534,1.19826467895522,1.2076052847612
