"","HR_ss_1","HR_ss_2","HR_ss_3"
"1",0.834213228586743,0.834331756255806,0.835730603879223
