"","susimp_HR_1_1L","susimp_HR_2_1L","susimp_HR_3_1L","susimp_HR_1_2L","susimp_HR_2_2L","susimp_HR_3_2L"
"1",0.808533212947536,0.8091874104238,0.817273005676413,0.837980894481057,0.837974609544033,0.840042391259707
