"","HR_ss_1","HR_ss_2","HR_ss_3"
"1",0.83408467388725,0.834118621927784,0.835838741749005
