"","HR_ss_1","HR_ss_2","HR_ss_3"
"1",0.834379929240254,0.834468656318531,0.834760321086511
