"","sf94_day5_P","sf94_day8_P","sf94_day5_P","sf94_day8_P","sf94_day5_P","sf94_day8_P"
"mean",2.79672993945562,3.06016045965325,2.81960074421132,3.11187458999151,3.04146758817235,3.26282294818645
"SD",1.47579697303033,1.61015609319322,1.51019604317356,1.63273601591565,1.50449274309061,1.59000987201697
