"","sf94_day5_P","sf94_day5_P.1"
"mean",2.79672993945562,2.79672993945562
"SD",1.47579697303033,1.47579697303033
