"","sf94_day5_P","sf94_day8_P","sf94_day5_P","sf94_day8_P","sf94_day5_P","sf94_day8_P"
"mean",2.75007360534747,3.09852358258674,2.76963580819703,3.14203321151746,3.09414809437827,3.34015317099292
"SD",1.45736772112953,1.59488669707424,1.49336127150412,1.6175614898879,1.5005904941012,1.56511559948642
