"","Min.","1st Qu.","Median","Mean","3rd Qu.","Max.","NA's"
"who_day5",4,4,5,5.86097965705857,7,10,18686
"who_day8",4,4,4,5.63781727110726,7,10,14194
"who 1 level difference",1,2,3,5.62124037292258,6,156,13790
"who 2 level difference",1,3,5,9.23003412969283,10,137,21730
