"","Min.","1st Qu.","Median","Mean","3rd Qu.","Max.","NA's"
"who_day5",4,4,5,5.78124264532831,7,10,17960
"who_day8",4,4,4,5.59235668789809,7,10,13604
"who 1 level difference",1,3,3,5.67022149302707,7,28,22766
"who 2 level difference",1,4,6,7.75017397355602,10,28,30645
