"","mort_prop_1","mort_prop_2","mort_prop_3"
"1",0.215751923153573,0.214393190318559,0.198099762470309
