"","rho","rho_prot","effect_size","sample_size"
"1",0.5,1.29148961514996,0.206133234616064,-530
"2",0.6,0.896867788298586,0.184250067768847,194
"3",0.7,0.658923273035696,0.176033349916915,614
"4",0.8,0.504488130917955,0.179918572868836,776
"5",0.9,0.398607905910483,0.195604358152322,740
