"","day5_P","day8_P"
"subset1",0.320043080416315,0.277927597030997
"subset2",0.432146320255426,0.397191645870995
"subset3",0.561840081011836,0.468392791787692
