"","day5_P","day8_P"
"subset1",2.39955527999371,2.73847651101176
"subset2",2.39811276085094,2.76374600825883
"subset3",2.84159283602142,3.15218106205152
