"","d5_sf94_effectsize_15","d5_sf94_effectsize_10","d5_sf94_effectsize_05","d8_sf94_effectsize_15","d8_sf94_effectsize_10","d8_sf94_effectsize_05"
"1",0.183660911710689,0.125970875053572,0.0658683497044669,0.183242928921052,0.131256449352428,0.0734698100445
