"","intercept","sf94_day5_P","sf94_day0","age_estimateyears","sex","rho"
"1",-5.06460343321183,-0.872271655907906,0.0246848355938192,0.070055958053521,-0.102439796866858,0.5
"2",-4.26500720304346,-1.04672598708949,0.0246848355938192,0.070055958053521,-0.102439796866858,0.6
"3",-3.46541097287509,-1.22118031827107,0.0246848355938192,0.070055958053521,-0.102439796866858,0.7
"4",-2.66581474270672,-1.39563464945265,0.0246848355938192,0.070055958053521,-0.102439796866858,0.8
"5",-1.86621851253835,-1.57008898063423,0.0246848355938192,0.070055958053521,-0.102439796866858,0.9
