"","day5_P","day8_P"
"subset1",0.179802438030401,0.158327694714976
"subset2",0.175068915066001,0.153824543874056
"subset3",0.172360141137746,0.151050770954343
