"","d5_sf94_effectsize","d8_sf94_effectsize"
"upper",0.171089305502717,0.1460002267795
"mean",0.168403134921233,0.142930688817919
"lower",0.165716964339749,0.139861150856337
"upper",0.169199195779519,0.143268461710459
"mean",0.166336915263367,0.139984515913075
"lower",0.163474634747215,0.13670057011569
"upper",0.171655504543393,0.149833840892491
"mean",0.169485716077235,0.147248521843598
"lower",0.167315927611077,0.144663202794704
