"","day5_P","day8_P"
"subset1",0.179918572868836,0.158530857907459
"subset2",0.175597340077226,0.154022977556149
"subset3",0.172800150312889,0.150508348511763
