"","day5_P","day8_P"
"subset1",1.29406000907201,1.51230988070094
"subset2",1.3203059295868,1.53526232413611
"subset3",1.47116854194595,1.57034692812375
