"","d5_sf94_effectsize","d8_sf94_effectsize"
"1",0.168403134921233,0.142930688817919
"2",0.166336915263367,0.139984515913075
"3",0.169485716077235,0.147248521843598
