"","day5_P","day8_P"
"subset1",0.322872403787491,0.277204063782527
"subset2",0.429198966119585,0.393479653881042
"subset3",0.566788371145521,0.473431321222695
