"","d5_sf94_effectsize","d8_sf94_effectsize"
"1",0.166203438943443,0.144366815540905
"2",0.162118565694491,0.140289664250474
"3",0.171009140093886,0.150350432294766
