"","day5_P","day8_P"
"subset1",1.29322572996324,1.51327688440588
"subset2",1.31785508595614,1.53661603462189
"subset3",1.47070811624628,1.57057864752783
