"","day5_P","day8_P"
"subset1",2.39491917606227,2.72970515712619
"subset2",2.38729822896804,2.75065484850821
"subset3",2.84314250988326,3.14159706263116
