"","d5_sf94_effectsize","d8_sf94_effectsize"
"sf94_day5_P",0.168403134921233,0.142930688817919
"sf94_day5_P",0.166336915263367,0.139984515913075
"sf94_day5_P",0.169485716077235,0.147248521843598
