"","d5_sf94_effectsize","d8_sf94_effectsize"
"1",0.183660911710689,0.183242928921052
"2",0.183214602315953,0.181788779920687
"3",0.184419386406459,0.180423419311557
