"","d5_effectsize_who","d8_effectsize_who"
"1",0.841855641586005,0.838552002115751
"2",0.840946391936573,0.838053023969882
"3",0.842461068276935,0.839258666519248
