"","d5_effectsize_who","d8_effectsize_who"
"upper",0.840999473335426,0.837591042173527
"mean",0.841026452616278,0.837635678916243
"lower",0.841053422742971,0.83768029112963
"upper",0.839715930758943,0.836780772291773
"mean",0.839751448665346,0.836833077554081
"lower",0.839786950834162,0.836885349303622
"upper",0.842419835837095,0.839327701602441
"mean",0.842444765212402,0.839365908210578
"lower",0.842469686701242,0.839404096652573
