"","day5_P","day8_P"
"subset1",0.833606870394921,0.814958473671881
"subset2",0.831601924445028,0.811836546371705
"subset3",0.817858257796106,0.794400644444826
