"","d5_effectsize_who","d8_effectsize_who"
"1",0.839575539274108,0.833839964829637
"2",0.838339279817453,0.833189227199403
"3",0.84056063803797,0.835686600369891
