"","who_samplesize_d5","who_samplesize_d8","who_samplesize_d5","who_samplesize_d8","who_samplesize_d5","who_samplesize_d8"
"n",3258.49142833896,3115.8684130099,3212.48156549385,3134.29968113226,3378.78936951692,3323.32898213108
"eff",0.945360094574361,0.915448913681737,0.942940134692319,0.902295704910223,0.924053879727351,0.879587196190022
