"","who_samplesize_d5","who_samplesize_d8","who_samplesize_d5","who_samplesize_d8","who_samplesize_d5","who_samplesize_d8"
"n",3317.86676710666,3283.78216070093,3265.63628361529,3293.23047449162,3486.71931939731,3532.42849313134
"eff",0.947053458110168,0.91374356177104,0.945556150290354,0.901341757591485,0.918991043108986,0.869562706095946
