"","d5_effectsize_who","d8_effectsize_who"
"1",0.841026452616278,0.837635678916243
"2",0.839751448665346,0.836833077554081
"3",0.842444765212402,0.839365908210578
