"","day5_P","day8_P"
"subset1",2971.15541436492,2321.13289986549
"subset2",2880.59318315449,2234.28851876021
"subset3",2431.30886104491,1854.91880341146
