"","who_effectsize_d5_05","who_effectsize_d5_10","who_effectsize_d5_15","who_effectsize_d8_05","who_effectsize_d8_10","who_effectsize_d8_15"
"n",32335.0806041207,7707.34460696194,3258.49142833896,30622.6683240606,7333.54324613747,3115.8684130099
"eff",0.948258017869731,0.946884128659273,0.945360094574361,0.922791523169432,0.919295828763687,0.915448913681737
