"","day5_P","day8_P"
"subset1",2976.95847208901,2328.78352056025
"subset2",2894.1979653182,2246.36465985532
"subset3",2430.97998113023,1868.36104041421
