"","day5_P","day8_P"
"subset1",0.833462663720131,0.814687592386925
"subset2",0.831250687777526,0.811384074573292
"subset3",0.817867511416435,0.793694748595468
