"","who_samplesize_d5","who_samplesize_d8","who_samplesize_d5","who_samplesize_d8","who_samplesize_d5","who_samplesize_d8"
"n",3375.91780891796,3395.54670583646,3351.33813451021,3448.03251907433,3442.98546886742,3478.13279119721
"eff",0.941454979500466,0.894675807917467,0.936564551657648,0.875130423598834,0.930874480196639,0.881849687884184
