"","d5_effectsize_who","d8_effectsize_who"
"1",0.841187842357936,0.837901675854271
"2",0.839989130084285,0.837225545264133
"3",0.842450114219692,0.83939893557665
