"","who_samplesize_d5","who_samplesize_d8","who_samplesize_d5","who_samplesize_d8","who_samplesize_d5","who_samplesize_d8"
"n",3320.35963851611,3283.21321165818,3271.73656767315,3298.54592131354,3461.97896653232,3496.22138913376
"eff",0.948443530021924,0.917186301444692,0.946859174393075,0.904645499253243,0.92562699120784,0.878962922355339
